Time,hostname,Nome,Cognome,Punti,
1520327594741,MacBook-Pro-di-Andrea-2.local,sdf,sdf,2,
1520327612860,MacBook-Pro-di-Andrea-2.local,sdf,sdf,3,
1520328401791,MacBook-Pro-di-Andrea-2.local,jauha,dssd,2,
1520328421434,MacBook-Pro-di-Andrea-2.local,dss,add,2,
1520328442072,MacBook-Pro-di-Andrea-2.local,dsvd,dsvd,3,
1520328463435,MacBook-Pro-di-Andrea-2.local,dsg,dgd,2,
1520328484053,MacBook-Pro-di-Andrea-2.local,dsfdfs,ffd,2,
1520328502661,MacBook-Pro-di-Andrea-2.local,sdf,dfs,2,
1520330252858,MacBook-Pro-di-Andrea-2.local,fsfs,sff,2001,dgd,dgd,tdzuahda@jsjs.ch,pregassona,3,2,
