<?xml version="1.0" encoding="UTF-8"?>
<project-private xmlns="http://www.netbeans.org/ns/project-private/1">
    <editor-bookmarks xmlns="http://www.netbeans.org/ns/editor-bookmarks/2" lastBookmarkId="0"/>
    <open-files xmlns="http://www.netbeans.org/ns/projectui-open-files/2">
        <group>
            <file>file:/Users/andreaalbertini/Documents/scuola/2017-2018/SAM/I2/espoprof/code/SamtCube/src/ColorConverter.java</file>
            <file>file:/Users/andreaalbertini/Documents/scuola/2017-2018/SAM/I2/espoprof/code/SamtCube/src/QuizQuestion.java</file>
            <file>file:/Users/andreaalbertini/Documents/scuola/2017-2018/SAM/I2/espoprof/code/SamtCube/src/SamtQuiz.java</file>
            <file>file:/Users/andreaalbertini/Documents/scuola/2017-2018/SAM/I2/espoprof/code/SamtCube/src/EmailValidator.java</file>
            <file>file:/Users/andreaalbertini/Documents/scuola/2017-2018/SAM/I2/espoprof/code/SamtCube/src/FormRecord.java</file>
            <file>file:/Users/andreaalbertini/Documents/scuola/2017-2018/SAM/I2/espoprof/code/SamtCube/src/Asker.java</file>
            <file>file:/Users/andreaalbertini/Documents/scuola/2017-2018/SAM/I2/espoprof/code/SamtCube/src/IntegerValidator.java</file>
            <file>file:/Users/andreaalbertini/Documents/scuola/2017-2018/SAM/I2/espoprof/code/SamtCube/src/BitmapModel.java</file>
            <file>file:/Users/andreaalbertini/Documents/scuola/2017-2018/SAM/I2/espoprof/code/SamtCube/src/FormField.java</file>
            <file>file:/Users/andreaalbertini/Documents/scuola/2017-2018/SAM/I2/espoprof/code/SamtCube/src/FormInterruptedException.java</file>
            <file>file:/Users/andreaalbertini/Documents/scuola/2017-2018/SAM/I2/espoprof/code/SamtCube/src/CsvSaver.java</file>
        </group>
    </open-files>
</project-private>
