Quando ci sono le porte aperte alla SAM di Trevano?;28 marzo 2018 e 18 aprile 2018; 28 maggio 2018 e 18 giugno 2018; 28 luglio 2018 e 18 agosto 2018
Quando scade il termine per la preiscrizione alla SAM di Trevano?;Martedì 22 maggio 2018; Venerdì 15 giugno 2018; Giovedì 28 giugno 2018
La preiscrizione alla SAM di Trevano è vincolante?;No, ma è indispensabile per fare il test attitudinale; No, posso iscrivermi quando voglio entro settembre; Si, poi sono obbligato/a ad andare alla SAM di Trevano
Quando c'è il test attitudinale della SAM di Trevano?;Sabato 9 giugno 2018; Sabato 16 giugno 2018; Sabato 23 giugno 2018
Alla SAM di Trevano si possono iscrivere solo gli allievi che termineranno quest'anno la quarta media?;No, si può iscrivere chiunque soddisfi i criteri di ammissione; No, si possono iscrivere solo coloro che hanno già frequentato almeno un anno di liceo;Sì, si possono iscrivere solo coloro che termineranno quest'anno la quarta media
Quale fra le seguenti affermazioni è logicamente equivalente a: "Gli assenti non hanno mai ragione"?;Gli assenti hanno sempre torto;I presenti hanno sempre ragione;Chi ha torto è sempre assente  